year,constructed_district,matched_via,centroid_distance_km,nearest_dist_m,official_index,centroid_constructed_wkt,centroid_official_wkt
1871,Aberayron,within,1.5307466323575913,,181,POINT (248477.618652 257228.018955),POINT (246952.700132 257361.468421)
1871,Abergavenny,within,8.282062681024273,,505,POINT (299684.699978 236119.750381),POINT (298838.893059 227880.989982)
1871,Aberystwyth,within,1.436276407334207,,151,POINT (269551.384998 280584.316228),POINT (268137.541109 280331.461772)
1871,Abingdon,within,0.09443583510611148,,288,POINT (448882.25901 198934.638646),POINT (448884.725003 199029.042279)
1871,Alcester,within,2.0450005882385036,,180,POINT (409321.017488 259571.354057),POINT (407284.197183 259388.623521)
1871,Alderbury,within,1.3675674092988985,,611,POINT (418139.34745 127357.834142),POINT (418918.496003 126233.926605)
1871,Alnwick,within,0.5529857990477185,,56,POINT (417324.239405 613219.170058),POINT (417614.868854 612748.715153)
1871,Alresford,within,0.44167159375344306,,347,POINT (460266.015394 132269.018545),POINT (459830.402963 132196.110342)
1871,Alton (1837 onw),within,5.182184676298991,,604,POINT (469042.333624 139919.725147),POINT (473963.373389 138295.408166)
1871,Altrincham,within,0.20536170864053885,,66,POINT (375733.145717 383505.813037),POINT (375938.026727 383491.770144)
1871,Alverstoke,within,0.13586116731322834,,360,POINT (459941.449306 100807.292875),POINT (459946.923068 100943.04373)
1871,Amersham,within,1.4314529168033625,,223,POINT (497078.101667 197524.906601),POINT (495650.922094 197635.432257)
1871,Amesbury,within,5.172544032699621,,320,POINT (418067.955328 161129.620362),POINT (417036.465256 156060.967681)
1871,Ampthill,within,3.2087606763543697,,143,POINT (498234.814546 228390.859127),POINT (498039.760387 231593.68584)
1871,Andover,within,1.1878459682677132,,326,POINT (434990.731779 147830.895621),POINT (434072.80843 147076.976017)
1871,Anglesey (1837-1937),within,1.6906480737220853,,472,POINT (237573.293881 381163.584027),POINT (238488.625522 382585.012497)
1871,Anglesey (1968-1974),within,1.6906480737220853,,472,POINT (237573.293881 381163.584027),POINT (238488.625522 382585.012497)
1871,Ashbourne,within,5.199201007580973,,87,POINT (420856.53849 344849.312788),POINT (418632.321448 349548.73293)
1871,Ashby de la Zouch,within,2.308122318226076,,441,POINT (435425.028031 317535.372167),POINT (436570.619648 315531.613578)
1871,Ashton under Lyne (1848-1937),within,8.771790713853111,,17,POINT (402432.703802 415434.29338),POINT (406430.154421 423242.282935)
1871,Aston (1837-1924),within,10.0190582174491,,442,POINT (408800.632447 302348.713837),POINT (410213.120236 312267.706014)
1871,Atcham,within,1.5894956172852326,,493,POINT (354476.074468 344116.044529),POINT (352895.549581 343947.410613)
1871,Atherstone,within,2.9275363613823124,,166,POINT (433512.254887 281995.772791),POINT (433398.282202 279070.455821)
1871,Auckland,within,2.4806914100348862,,37,POINT (416235.129333 532526.62103),POINT (416251.826813 530045.985816)
1871,Axbridge,within,9.224767274665632,,588,POINT (353817.068153 162200.369041),POINT (348981.460201 170056.145705)
1871,Axminster,within,2.0611330980344746,,432,POINT (327873.472389 96464.496165),POINT (328468.866969 98437.761211)
1871,Aylesbury,within,2.4029995484764286,,74,POINT (457395.798473 224943.187722),POINT (456465.413966 222727.608452)
1871,Bakewell (1839 onw),within,4.551886535140089,,29,POINT (421700.913612 365564.217777),POINT (421267.78572 370095.45064)
1871,Bala,within,0.025114852351613273,,94,POINT (289658.267971 334781.482914),POINT (289657.694848 334756.374602)
1871,Banbury,within,4.801225036817023,,198,POINT (443062.773097 237297.496411),POINT (442990.890755 242098.183318)
1871,Bangor,within,3.115808432140967,,480,POINT (259266.021737 366983.459036),POINT (258351.176437 369961.935201)
1871,Barnet,within,0.030181714584615802,,519,POINT (523384.073107 197391.749913),POINT (523378.668238 197362.056088)
1871,Barnsley,within,4.215970933786644,,476,POINT (430285.797478 379646.771075),POINT (431179.355316 383766.961035)
1871,Barnstaple,within,2.6831898561970724,,338,POINT (262080.32874 139033.521546),POINT (259439.995467 138555.873124)
1871,Barrow upon Soar,within,10.626447122780892,,91,POINT (460510.111983 331391.315671),POINT (469581.746175 336925.467055)
1871,Barton upon Irwell (1850-1934),within,5.877010636558803,,66,POINT (370706.947406 386170.400981),POINT (375938.026727 383491.770144)
1871,Basford,within,2.9086970477272702,,83,POINT (450065.952872 364585.143981),POINT (451623.404437 362128.548137)
1871,Basingstoke,within,7.860813459934807,,324,POINT (457452.706838 157297.046744),POINT (449694.727846 158564.386563)
1871,Bath,within,5.248545029962648,,246,POINT (397878.735726 190737.438643),POINT (394294.587511 186903.236444)
1871,Battle,within,12.597345460442394,,603,POINT (550578.480454 130938.291771),POINT (539353.463604 136655.993179)
1871,Beaminster,within,5.924260628736571,,292,POINT (356281.211796 114730.57416),POINT (350956.009252 117326.548323)
1871,Bedale,within,10.848207431256556,,5,POINT (436583.065295 479872.704343),POINT (428486.694877 472652.427996)
1871,Bedford,within,7.972681279526458,,555,POINT (490372.234317 258284.399663),POINT (490112.004075 266252.832822)
1871,Bedminster,within,6.926815770636244,,315,POINT (343689.963324 161825.692011),POINT (340392.9264 155733.867635)
1871,Belford,within,0.34018958650236475,,55,POINT (415006.117666 630682.624457),POINT (415011.773903 631022.767018)
1871,Bellingham,within,1.718929136368555,,58,POINT (376389.342701 590721.9355),POINT (377454.867145 589373.093391)
1871,Belper,within,10.143193400165941,,488,POINT (435094.927311 358127.379382),POINT (434803.843695 347988.363519)
1871,Berkhampstead (1837-1939),within,0.49290969631407583,,512,POINT (495277.420798 212136.032895),POINT (495314.969787 211644.555488)
1871,Berwick,within,8.693454404149547,,53,POINT (397193.204376 654369.045539),POINT (397830.775234 645699.002121)
1871,Beverley (1837-1937),within,9.39719307922453,,397,POINT (483962.551872 419370.360494),POINT (474615.801453 420342.72584)
1871,Beverley (1974 onw),within,9.39719307922453,,397,POINT (483962.551872 419370.360494),POINT (474615.801453 420342.72584)
1871,Bicester,within,6.893232826475686,,276,POINT (435728.027478 214423.742447),POINT (432881.214527 208145.819636)
1871,Bideford,within,0.6489051163068755,,345,POINT (234344.513008 121862.348287),POINT (234990.565552 121923.126245)
1871,Biggleswade,within,7.6613887956236715,,556,POINT (509988.771771 249872.153687),POINT (503640.232162 254160.850821)
1871,Billericay,within,4.535923503116809,,284,POINT (556102.367582 198231.006636),POINT (554854.889109 202592.015635)
1871,Billesdon,within,6.294276532868853,,78,POINT (485421.360319 291627.512733),POINT (487409.402722 297599.581426)
1871,Bingham,within,10.956592116325744,,90,POINT (481750.42502 336084.233769),POINT (492397.181279 333497.055388)
1871,Bishops Stortford,within,7.298954273070913,,285,POINT (540669.409728 225950.159012),POINT (547372.191463 223060.963538)
1871,Blaby,within,6.238613768648983,,138,POINT (438257.628642 296053.264596),POINT (443895.690325 293382.578877)
1871,Blackburn,within,1.4313912705555134,,23,POINT (370777.156471 410099.451013),POINT (370145.347616 411383.856922)
1871,Blandford,within,7.297720279807597,,623,POINT (388431.77265 112834.93058),POINT (387075.700856 105664.310623)
1871,Blean,within,1.8865258176066564,,310,POINT (615480.396297 165440.196158),POINT (616921.04788 164222.204912)
1871,Blofield,within,6.226072837185984,,105,POINT (610262.978197 322948.40613),POINT (615306.095769 326599.563224)
1871,Blything,within,6.7813935819287545,,542,POINT (613218.335876 291672.098497),POINT (619103.252196 288302.37168)
1871,Bodmin,within,0.5747782092428209,,407,POINT (205241.478836 69390.76401),POINT (205807.938454 69293.329462)
1871,Bolton,within,1.8489964375112533,,394,POINT (379525.385772 422213.155431),POINT (380374.749365 423855.522416)
1871,Bootle Cul,within,1.3568985201028991,,43,POINT (315714.354883 493838.497845),POINT (315528.746153 495182.641808)
1871,Bosmere,within,7.112333366429042,,553,POINT (596476.229324 257294.615421),POINT (600148.204778 263385.746857)
1871,Boston,within,4.539198560279948,,438,POINT (508778.481647 327183.09634),POINT (508477.879001 322653.862231)
1871,Bourne (1837-1933),within,12.456308808276516,,90,POINT (504011.832367 328995.998931),POINT (492397.181279 333497.055388)
1871,Bourne (1974 onw),within,12.456308808276516,,90,POINT (504011.832367 328995.998931),POINT (492397.181279 333497.055388)
1871,Brackley,within,6.115069947291209,,441,POINT (434361.067694 321233.539623),POINT (436570.619648 315531.613578)
1871,Bradfield,within,1.0425243253433532,,573,POINT (462482.403109 173165.941313),POINT (461928.019255 172283.039557)
1871,Bradford,within,11.451739838636797,,376,POINT (406175.516173 466623.233717),POINT (397797.613741 458815.987329)
1871,Bradford upon Avon,within,8.327575377094282,,288,POINT (457174.813927 198239.77851),POINT (448884.725003 199029.042279)
1871,Braintree,within,8.196961532874193,,504,POINT (562053.281543 239262.163144),POINT (554172.869406 237006.219235)
1871,Brampton,within,6.745688999563047,,64,POINT (361384.409766 557931.65654),POINT (356957.81266 563021.799774)
1871,Brecknock,within,1.991766562470435,,505,POINT (300629.355662 227008.420382),POINT (298838.893059 227880.989982)
1871,Brentford,within,0.3374021499645093,,524,POINT (516175.026268 178423.792487),POINT (516255.33064 178751.498787)
1871,Bridge,within,6.020633962541523,,322,POINT (583606.778009 147399.45806),POINT (584260.434236 153384.503327)
1871,Bridgend (1996 onw),within,5.100120084812644,,248,POINT (288461.74553 177826.218429),POINT (292774.748239 180548.20897)
1871,Bridgend (to 1970),within,5.100120084812644,,248,POINT (288461.74553 177826.218429),POINT (292774.748239 180548.20897)
1871,Bridgnorth,within,3.0900461505788592,,175,POINT (363567.732366 269345.904778),POINT (361055.973065 267546.057443)
1871,Bridgwater,within,8.258540932040649,,317,POINT (352794.952423 154707.997634),POINT (360248.551649 158264.309898)
1871,Bridlington (1837-1937),within,5.1673517907658795,,52,POINT (505663.161634 459795.129042),POINT (500503.250478 459517.926252)
1871,Bridlington (1974 onw),within,5.1673517907658795,,52,POINT (505663.161634 459795.129042),POINT (500503.250478 459517.926252)
1871,Bridport (1959 to 1997),within,0.4696242704408697,,364,POINT (346053.669856 93269.387243),POINT (346073.674863 92800.189252)
1871,Bridport (to 1958),within,0.4696242704408697,,364,POINT (346053.669856 93269.387243),POINT (346073.674863 92800.189252)
1871,Bristol,within,3.2002842104355924,,250,POINT (372476.864769 183796.78669),POINT (374145.422432 181065.901421)
1871,Brixworth,within,6.1423588329293395,,543,POINT (470821.202618 281838.952493),POINT (471976.823565 287871.622902)
1871,Bromley,within,7.1552773414032735,,594,POINT (536730.246862 167385.654047),POINT (543642.058994 165535.019862)
1871,Bromsgrove,within,2.801554440918307,,165,POINT (394698.023552 273319.684631),POINT (397446.503062 273862.425517)
1871,Bromyard,within,9.101856781042827,,186,POINT (357642.760353 248523.074961),POINT (365226.269387 253556.382779)
1871,Buckingham,within,4.103573765136505,,208,POINT (465719.70737 229952.27409),POINT (469443.992513 231675.357901)
1871,Builth,within,5.34605968058022,,169,POINT (298348.530049 262722.363985),POINT (296434.344749 267713.981834)
1871,Burnley,within,1.5002944805022627,,388,POINT (385000.736391 434032.007963),POINT (385764.79462 435323.169669)
1871,Burton upon Trent,within,6.636702668374146,,500,POINT (426980.265582 331842.9434),POINT (424441.086788 325711.190522)
1871,Bury,within,6.390018083251238,,461,POINT (376364.555411 403859.729306),POINT (375223.466761 397572.420836)
1871,Bury St Edmunds,within,3.2040359011858004,,610,POINT (391792.273944 124595.636133),POINT (393877.617944 127028.162897)
1871,Caistor,within,3.291692071643466,,24,POINT (512544.752048 396737.11019),POINT (513977.440963 399700.661973)
1871,Calne,within,0.2365421351960048,,240,POINT (400985.998782 172025.620123),POINT (401167.380864 172177.451352)
1871,Camberwell,within,0.40917029727240484,,589,POINT (533647.221086 175517.763274),POINT (533905.966975 175200.791829)
1871,Camelford,within,0.19121814977006193,,404,POINT (211942.286224 84757.656496),POINT (211753.167568 84729.398492)
1871,Canterbury,within,7.773061595702494,,246,POINT (401596.207926 189569.099508),POINT (394294.587511 186903.236444)
1871,Cardiff (1837-1974),within,11.001487355344574,,226,POINT (312983.896377 184548.574671),POINT (304365.707246 191386.669444)
1871,Cardiff (1996 onw),within,11.001487355344574,,226,POINT (312983.896377 184548.574671),POINT (304365.707246 191386.669444)
1871,Cardigan,within,9.340710184678356,,197,POINT (225441.36261 240079.540632),POINT (234779.39337 240303.255332)
1871,Carlisle,within,5.520935071768223,,35,POINT (344475.772776 533346.546379),POINT (349451.992052 535737.773216)
1871,Carmarthen,within,5.502755565097575,,210,POINT (258041.190961 228767.343877),POINT (260528.461165 223858.79972)
1871,Carnarvon,within,1.5314590347100852,,484,POINT (250811.407086 360105.977476),POINT (250530.770735 358600.450985)
1871,Castle Ward,within,5.0895726871675935,,61,POINT (411816.173511 579410.842422),POINT (413122.596553 574491.796887)
1871,Catherington,within,0.23100921725716017,,301,POINT (470958.914243 114211.000535),POINT (470790.243756 114053.154011)
1871,Caxton,within,5.291791928667493,,556,POINT (502453.985195 249003.731475),POINT (503640.232162 254160.850821)
1871,Chapel en le Frith,within,2.018269406416911,,468,POINT (410442.792813 384404.659733),POINT (410591.15127 382391.850461)
1871,Chard,within,7.102320899661544,,334,POINT (351776.188145 136198.133853),POINT (351938.317822 143298.603988)
1871,Cheadle,within,2.3029633869075057,,89,POINT (398878.960118 344168.044774),POINT (400897.351027 345276.980525)
1871,Chelmsford,within,0.46254298942361544,,271,POINT (571340.515858 206184.983448),POINT (570984.448632 205889.751086)
1871,Cheltenham,within,6.405975039880976,,517,POINT (370738.600212 193787.501996),POINT (364706.816964 191630.16404)
1871,Chepstow,within,4.404395323153567,,261,POINT (352903.523343 209469.953173),POINT (349384.922881 212119.132094)
1871,Chertsey,within,4.020643606587099,,311,POINT (497122.151145 163844.375234),POINT (501071.750894 163091.888131)
1871,Chester le Street,within,7.022209434991861,,269,POINT (420923.644843 557498.734779),POINT (426573.229904 553328.169591)
1871,Chesterfield,within,3.6566556200572187,,476,POINT (433013.433438 380603.531287),POINT (431179.355316 383766.961035)
1871,Chesterton,within,5.120878165153467,,163,POINT (529981.811852 278516.825365),POINT (532997.11022 274377.819575)
1871,Chichester,within,8.96986267596732,,289,POINT (325370.72877 206958.02762),POINT (331971.208436 200884.14051)
1871,Chippenham,within,2.7106113722263174,,246,POINT (396033.573306 188982.501317),POINT (394294.587511 186903.236444)
1871,Chipping Norton,within,1.8543811715176333,,506,POINT (430926.999193 225648.151695),POINT (431672.7286 223950.324501)
1871,Chipping Sodbury,within,0.7702183961478719,,222,POINT (375140.666815 197380.269059),POINT (375645.011613 197962.396795)
1871,Chorley,within,6.027103353199218,,20,POINT (359733.99747 413441.947882),POINT (356984.180995 418805.201017)
1871,Chorlton,within,1.6533915240107853,,467,POINT (385548.137318 392798.36494),POINT (385271.843143 394428.50759)
1871,Christchurch (1837-1925),within,5.640636847916523,,627,POINT (418386.92546 100228.430503),POINT (414458.889185 96180.305619)
1871,Christchurch (1932-1974),within,5.640636847916523,,627,POINT (418386.92546 100228.430503),POINT (414458.889185 96180.305619)
1871,Church Stretton,within,1.3416548744789933,,135,POINT (348625.577917 292188.559191),POINT (347852.56191 293285.13753)
1871,Cirencester,within,8.433607957807464,,279,POINT (396725.046848 207884.850701),POINT (403603.932472 203005.642184)
1871,Cleobury Mortimer,within,7.271866636546193,,129,POINT (393847.51047 296465.437113),POINT (386853.463982 294474.618661)
1871,Clifton,within,7.446699717302312,,113,POINT (369346.082358 310871.532803),POINT (363270.306012 315177.142919)
1871,Clitheroe,within,14.898431181129048,,7,POINT (386080.255587 451888.434497),POINT (371666.912436 448117.653295)
1871,Clun,within,4.837270514987936,,136,POINT (337836.046653 289199.988362),POINT (333697.02193 286696.458778)
1871,Clutton,within,4.813360929580023,,525,POINT (362939.312435 175810.161166),POINT (358702.47374 178094.376855)
1871,Cockermouth,within,2.6329885977570364,,36,POINT (319170.817119 527656.411867),POINT (317712.416815 525464.22175)
1871,Colchester,within,5.64062014801803,,255,POINT (436769.976282 168521.918888),POINT (431276.242706 169800.780511)
1871,Congleton,within,0.5326740322556032,,82,POINT (380381.493489 362267.423504),POINT (380050.597157 362684.855225)
1871,Conway (to 1937),within,3.1857041735177214,,33,POINT (275515.967555 371752.426197),POINT (278144.416749 373552.416728)
1871,Cookham,within,0.12712741064124558,,254,POINT (486308.947702 179712.054486),POINT (486384.382283 179609.726569)
1871,Corwen,within,4.128081225130903,,88,POINT (304571.409399 342598.226979),POINT (308699.489795 342600.842939)
1871,Cosford,within,13.35789558397616,,194,POINT (580036.881502 254264.0266),POINT (587108.513346 242931.533605)
1871,Coventry,within,0.7561823542795938,,577,POINT (533279.351033 181126.859486),POINT (532532.079393 181242.604246)
1871,Cranbrook,within,8.819706153547015,,353,POINT (565676.415959 139300.140577),POINT (566374.328521 130508.091061)
1871,Crediton,within,9.066514070333527,,425,POINT (274231.634272 112080.066341),POINT (278375.229276 104015.805815)
1871,Crickhowell,within,8.040562337257548,,169,POINT (300190.011316 260604.438154),POINT (296434.344749 267713.981834)
1871,Cricklade,within,8.826778956628319,,245,POINT (404010.324084 178501.977589),POINT (407530.598556 186596.40125)
1871,Croydon,within,5.246925149236285,,597,POINT (476480.546095 149603.190329),POINT (477962.290499 154636.544781)
1871,Cuckfield,within,4.964224992219002,,355,POINT (527519.910774 128280.654746),POINT (529659.426508 123801.145599)
1871,Darlington,within,9.952200750617186,,5,POINT (438435.518359 472393.176961),POINT (428486.694877 472652.427996)
1871,Dartford,within,5.331684491923062,,520,POINT (539333.510328 198348.287393),POINT (534066.905217 197517.787465)
1871,Daventry,within,2.4991894096094085,,198,POINT (443620.583923 244516.743679),POINT (442990.890755 242098.183318)
1871,Depwade,within,2.925363100404252,,133,POINT (595234.993507 297829.527167),POINT (597210.185094 295671.665387)
1871,Derby,within,7.817730242375396,,479,POINT (435455.487331 363604.119217),POINT (438311.750407 370881.389817)
1871,Devizes,within,1.4194488048582161,,312,POINT (403575.854101 159868.805323),POINT (402481.047422 158965.349045)
1871,Dewsbury,within,9.465859545081013,,396,POINT (424464.463218 413486.590888),POINT (431767.536791 419508.850707)
1871,Docking,within,5.9169336540569075,,95,POINT (572536.11457 332835.153747),POINT (577237.723436 336427.503666)
1871,Dolgelly,within,6.634250633810054,,109,POINT (269227.542393 322316.984772),POINT (273285.360518 317068.423679)
1871,Doncaster,within,6.784127567149709,,402,POINT (455405.751503 396725.235093),POINT (457377.968919 403216.363294)
1871,Dorchester,within,3.515714202867703,,625,POINT (363684.588882 97398.620863),POINT (367140.347642 96752.108875)
1871,Dorking,within,2.2706007301849063,,332,POINT (516904.959186 146725.219908),POINT (515360.020596 145061.25103)
1871,Dover,within,4.798142997601955,,540,POINT (502904.917439 294615.679457),POINT (503404.410664 289843.606244)
1871,Downham,within,3.6923560382511647,,446,POINT (565616.713743 301305.296746),POINT (563054.703849 303964.168389)
1871,Driffield,within,8.764724984359706,,6,POINT (490143.680632 451806.392944),POINT (481743.629359 449304.485139)
1871,Droitwich,within,8.853083733205827,,442,POINT (406591.874671 304189.112563),POINT (410213.120236 312267.706014)
1871,Droxford,within,0.033205166641667345,,359,POINT (459902.085488 117937.587719),POINT (459891.582367 117969.087998)
1871,Dudley (1913-35),within,0.09852898561140527,,150,POINT (394082.272479 291286.267432),POINT (394124.346285 291197.173347)
1871,Dudley (1935-66),within,0.09852898561140527,,150,POINT (394082.272479 291286.267432),POINT (394124.346285 291197.173347)
1871,Dudley (1966 onw),within,0.09852898561140527,,150,POINT (394082.272479 291286.267432),POINT (394124.346285 291197.173347)
1871,Dudley (to 1912),within,0.09852898561140527,,150,POINT (394082.272479 291286.267432),POINT (394124.346285 291197.173347)
1871,Dunmow,within,4.728449096579335,,220,POINT (557814.244366 224666.835847),POINT (561719.068804 222000.269335)
1871,Durham (1837-1938),within,0.6316981131338862,,366,POINT (418027.561063 545546.688628),POINT (418379.371446 545022.024964)
1871,Dursley,within,0.8202448704654314,,222,POINT (375847.821704 198757.173314),POINT (375645.011613 197962.396795)
1871,Easington,within,4.063983385304229,,3,POINT (438505.949567 545059.810689),POINT (440684.803561 541629.277752)
1871,Easingwold,within,9.978272748404395,,386,POINT (450179.577783 447135.031401),POINT (447218.958539 437606.093332)
1871,East Ashford,within,4.700822763800345,,337,POINT (599022.074153 145417.518736),POINT (594609.719284 143796.143034)
1871,East Grinstead,within,5.39751878139624,,603,POINT (540792.24072 141858.216685),POINT (539353.463604 136655.993179)
1871,East Retford,within,7.129419881295591,,28,POINT (463433.391342 380911.350519),POINT (456306.119473 380736.354665)
1871,East Stonehouse,within,0.15041391774627122,,416,POINT (246479.71701 54163.853757),POINT (246602.860833 54250.224734)
1871,East Ward,within,3.6393126219092755,,39,POINT (376298.393089 512295.371791),POINT (373172.88071 514159.713156)
1871,Eastbourne,within,4.2111057133542005,,609,POINT (555153.123019 124056.292474),POINT (551080.167799 125126.080816)
1871,Easthampstead (1837-1937),within,2.1482558853047524,,244,POINT (485814.883434 167634.739388),POINT (487788.532651 168483.097872)
1871,Easthampstead (1967-74),within,2.1482558853047524,,244,POINT (485814.883434 167634.739388),POINT (487788.532651 168483.097872)
1871,Eastry,within,7.059269223421287,,595,POINT (526623.421438 169921.733023),POINT (531356.211931 164683.987695)
1871,Ecclesall Bierlow,within,11.477752138816488,,468,POINT (421975.322012 383854.536579),POINT (410591.15127 382391.850461)
1871,Edmonton,within,4.149661481862253,,520,POINT (532389.143808 193722.420939),POINT (534066.905217 197517.787465)
1871,Elham,within,3.4511295635354107,,337,POINT (597728.463746 145273.887344),POINT (594609.719284 143796.143034)
1871,Ellesmere,within,5.22320780162451,,493,POINT (347691.819948 344398.074179),POINT (352895.549581 343947.410613)
1871,Ely,within,6.885748147159865,,539,POINT (536862.791697 286224.157252),POINT (541203.474374 291569.435677)
1871,Epping,within,0.054348961383197975,,280,POINT (544918.700827 203593.562354),POINT (544969.936889 203611.691765)
1871,Epsom,within,3.1373756744776506,,590,POINT (518163.178142 172561.632409),POINT (519679.858298 175308.049608)
1871,Erpingham,within,6.572639108691916,,110,POINT (595644.140652 322376.403242),POINT (596792.314641 315904.828368)
1871,Eton,within,4.60438194966435,,508,POINT (509329.210229 225417.573883),POINT (505961.264895 222277.943751)
1871,Evesham,within,2.604479495898236,,147,POINT (406108.449853 246002.399413),POINT (407202.454989 243638.828765)
1871,Exeter,within,16.184984917484336,,361,POINT (278392.623949 91521.234896),POINT (294515.194003 90101.209674)
1871,Falmouth,within,0.37493171064121333,,417,POINT (176097.816065 32761.807976),POINT (176443.643799 32616.973704)
1871,Fareham,within,3.7171170115632104,,426,POINT (455416.386461 110020.919471),POINT (457731.459569 107112.759334)
1871,Faringdon,within,2.0462918176528406,,225,POINT (428377.840833 195699.923695),POINT (428710.354709 193680.828668)
1871,Farnham,within,5.131924517282789,,254,POINT (481859.092505 177189.313035),POINT (486384.382283 179609.726569)
1871,Faversham,within,11.295858516330695,,556,POINT (512410.635718 247042.112093),POINT (503640.232162 254160.850821)
1871,Ffestiniog,within,1.2437857496728097,,491,POINT (262776.86555 340293.597352),POINT (264020.027055 340332.998665)
1871,Flegg,within,12.402465284524945,,96,POINT (625759.083409 328777.748126),POINT (616726.367944 337276.641963)
1871,Foleshill,within,2.422494750294186,,166,POINT (430987.341531 279306.773185),POINT (433398.282202 279070.455821)
1871,Fordingbridge,within,8.326050107852758,,320,POINT (413689.048738 163684.478228),POINT (417036.465256 156060.967681)
1871,Forehoe,within,9.570887919923763,,541,POINT (574539.827363 293881.623193),POINT (581269.746013 287076.471429)
1871,Frome,within,6.285225519841557,,232,POINT (412377.202661 188491.105887),POINT (418113.582218 185922.446818)
1871,Fylde,within,3.914465439435003,,20,POINT (358029.686686 422577.46261),POINT (356984.180995 418805.201017)
1871,Gainsborough,within,7.558351968480897,,469,POINT (465512.101917 379084.103099),POINT (472844.928982 380916.678257)
1871,Garstang,within,1.582605184960862,,8,POINT (348008.078152 446460.741587),POINT (347108.541424 445158.638348)
1871,Gateshead,within,0.032179519602627785,,419,POINT (418792.021546 560997.357357),POINT (418786.32497 560965.686069)
1871,Glanford Brigg,within,11.26015064104459,,398,POINT (491457.073817 404162.732909),POINT (498726.950364 412761.563495)
1871,Glendale,within,9.35144882191968,,54,POINT (403844.28058 622441.768728),POINT (396983.296426 628796.018606)
1871,Gloucester (1837-1937),within,5.935911953098847,,263,POINT (399347.10452 223010.459251),POINT (394259.744572 219952.057793)
1871,Gloucester (1974 onw),within,5.935911953098847,,263,POINT (399347.10452 223010.459251),POINT (394259.744572 219952.057793)
1871,Godstone,within,0.45086377671203276,,599,POINT (537057.490832 151860.836422),POINT (537088.186544 151411.018772)
1871,Goole,within,4.490208604806236,,401,POINT (477333.502311 410177.401633),POINT (472848.016978 410383.30122)
1871,Grantham (1837-1933),within,10.048548961572218,,90,POINT (483667.604214 328520.327498),POINT (492397.181279 333497.055388)
1871,Grantham (1974 onw),within,10.048548961572218,,90,POINT (483667.604214 328520.327498),POINT (492397.181279 333497.055388)
1871,Gravesend (1837-1941),within,2.5556821279400577,,227,POINT (474057.01229 187335.025169),POINT (471958.860247 185875.823626)
1871,Gravesend (1980 onw),within,2.5556821279400577,,227,POINT (474057.01229 187335.025169),POINT (471958.860247 185875.823626)
1871,Greenwich,within,1.2385253649184762,,587,POINT (536813.84534 177064.974881),POINT (537958.832576 177537.149966)
1871,Guildford,within,4.296131563978644,,311,POINT (499649.976971 159037.840114),POINT (501071.750894 163091.888131)
1871,Guiltcross,within,3.648618876298227,,546,POINT (601392.43788 282717.105971),POINT (603616.95912 285609.151088)
1871,Guisborough,within,3.177514768329786,,369,POINT (453002.044038 502504.72956),POINT (453124.658405 505679.877717)
1871,Hackney,within,1.071134353509573,,536,POINT (535740.201985 185620.037525),POINT (534683.10373 185792.872948)
1871,Hailsham,within,6.752326492862799,,355,POINT (522907.949704 123694.028703),POINT (529659.426508 123801.145599)
1871,Halifax,within,5.407852155605622,,17,POINT (402346.01961 419697.609779),POINT (406430.154421 423242.282935)
1871,Halstead,within,0.8970821135261272,,209,POINT (579892.787469 232873.90322),POINT (579250.175584 233499.847534)
1871,Haltwhistle,within,1.0772950804481836,,65,POINT (370562.053279 560221.641653),POINT (370994.435452 561208.358607)
1871,Hambledon,within,7.928760036824585,,602,POINT (491248.283992 139653.735133),POINT (499152.746959 139033.492497)
1871,Hardingstone,within,3.186326143750402,,127,POINT (455115.17907 302201.546275),POINT (455959.193538 299129.036898)
1871,Hartismere,within,7.076634712847882,,171,POINT (592203.049878 268403.604688),POINT (585672.071101 265678.705592)
1871,Hartley Wintney,within,2.921165970368835,,597,POINT (475046.032915 154805.814768),POINT (477962.290499 154636.544781)
1871,Haslingden,within,9.435956220912486,,99,POINT (414405.89553 324153.338532),POINT (409601.218926 332274.443908)
1871,Hastings (1837-1977),within,5.407293929633318,,335,POINT (449681.548824 144789.115389),POINT (446914.124074 149434.563472)
1871,Hatfield,within,1.6273693409608447,,272,POINT (525730.967413 210445.69584),POINT (524749.504145 209147.596913)
1871,Havant,within,0.040301577819401226,,429,POINT (471428.61758 105668.837568),POINT (471406.665901 105635.039032)
1871,Haverfordwest,within,6.608925047624142,,266,POINT (197377.063434 225850.632186),POINT (191356.231532 223125.293036)
1871,Hay,within,3.6717653279253986,,202,POINT (321527.841124 243218.885185),POINT (320257.089133 239774.026697)
1871,Hayfield,within,4.184667655559231,,465,POINT (402707.766056 387141.080058),POINT (403925.339883 391144.698093)
1871,Headington,within,5.595814305286975,,279,POINT (409004.797822 201541.473061),POINT (403603.932472 203005.642184)
1871,Helmsley,within,5.361361409859472,,373,POINT (462924.614412 482516.047153),POINT (461424.849639 487663.367018)
1871,Helston,within,0.5714086893446313,,571,POINT (168310.415205 26118.04565),POINT (168743.553038 25745.353407)
1871,Hemel Hempstead,within,0.061535446209712415,,513,POINT (504936.162782 208479.895164),POINT (504975.555723 208527.168913)
1871,Hemsworth,within,10.286092782194123,,402,POINT (447539.213619 406216.796408),POINT (457377.968919 403216.363294)
1871,Hendon (1837-1947),within,0.028442148250759754,,521,POINT (518788.096077 189031.678475),POINT (518800.93619 189057.05735)
1871,Hendon (1947-1999),within,0.028442148250759754,,521,POINT (518788.096077 189031.678475),POINT (518800.93619 189057.05735)
1871,Henley,within,3.2992420935939117,,227,POINT (473355.026425 188865.090826),POINT (471958.860247 185875.823626)
1871,Henstead,within,9.029473622922318,,110,POINT (604507.484794 311213.608546),POINT (596792.314641 315904.828368)
1871,Hereford,within,7.040166272646325,,190,POINT (342276.269545 242839.626291),POINT (339777.863386 249421.564289)
1871,Hertford,within,7.250592638642942,,562,POINT (513300.976053 249287.796402),POINT (518350.928516 244085.001601)
1871,Hexham,within,7.488566725543184,,63,POINT (399131.426909 557561.380639),POINT (392670.25154 561347.122899)
1871,Highworth,within,2.177170345336897,,232,POINT (419965.251685 187067.606587),POINT (418113.582218 185922.446818)
1871,Hinckley,within,0.3268858337693471,,138,POINT (443916.176335 293056.335606),POINT (443895.690325 293382.578877)
1871,Hitchin,within,4.087318190371735,,510,POINT (495160.702981 225643.152198),POINT (492762.705154 222333.201079)
1871,Holbeach,within,5.110409050174785,,436,POINT (535762.64419 319750.316447),POINT (539756.774886 322938.293963)
1871,Holborn,within,0.36297271010551657,,532,POINT (531645.345034 182029.366419),POINT (531570.352045 182384.507574)
1871,Hollingbourne,within,1.7969203934063236,,308,POINT (577106.902614 164373.189145),POINT (576732.304439 166130.630213)
1871,Holsworthy,within,3.4531400811874544,,622,POINT (237024.488307 107828.168283),POINT (235586.330612 104688.760876)
1871,Holywell,within,9.949207250502711,,20,POINT (347051.663497 418229.161899),POINT (356984.180995 418805.201017)
1871,Honiton,within,4.075209481243429,,428,POINT (315462.393546 102884.037823),POINT (313939.304392 99104.152674)
1871,Hoo,within,6.842952939274781,,285,POINT (541518.688592 226605.326537),POINT (547372.191463 223060.963538)
1871,Horncastle,within,7.610501816498997,,140,POINT (519581.270026 375462.723129),POINT (524015.833624 369277.710308)
1871,Horsham,within,5.250379657819951,,332,POINT (514043.148412 150143.802969),POINT (515360.020596 145061.25103)
1871,Houghton le Spring,within,14.646106888036895,,366,POINT (432617.47692 541589.125389),POINT (418379.371446 545022.024964)
1871,Howden (1837-1937),within,5.870631959290422,,13,POINT (456851.161734 429333.964451),POINT (462166.097011 431827.111579)
1871,Hoxne,within,0.7729053001127493,,144,POINT (624117.537576 273316.025257),POINT (624859.641222 273100.00493)
1871,Huddersfield,within,5.969229527218363,,396,POINT (429418.90171 414021.081178),POINT (431767.536791 419508.850707)
1871,Hungerford,within,0.907444858192528,,255,POINT (430524.225524 170308.644989),POINT (431276.242706 169800.780511)
1871,Hunslet (1845-1929),within,3.293820006366978,,392,POINT (430786.816255 431422.382199),POINT (433838.799041 430183.571758)
1871,Huntingdon,within,8.918339987987522,,540,POINT (512032.547292 287587.049914),POINT (503404.410664 289843.606244)
1871,Ipswich,within,6.659463941311428,,326,POINT (438549.775925 152007.008678),POINT (434072.80843 147076.976017)
1871,Isle of Wight,within,5.1029612181280735,,359,POINT (454987.5574 116558.147774),POINT (459891.582367 117969.087998)
1871,Keighley (1837-1946),within,8.360420023016985,,17,POINT (401511.346038 430002.604454),POINT (406430.154421 423242.282935)
1871,Keighley (1974 onw),within,8.360420023016985,,17,POINT (401511.346038 430002.604454),POINT (406430.154421 423242.282935)
1871,Kendal (1837-1937),within,3.8298852249661026,,44,POINT (351816.474086 496602.882122),POINT (349376.837047 493650.562365)
1871,Kendal (1974 onw),within,3.8298852249661026,,44,POINT (351816.474086 496602.882122),POINT (349376.837047 493650.562365)
1871,Kensington,within,2.6429952076296135,,531,POINT (524797.281693 177053.96096),POINT (524414.904969 179669.149616)
1871,Kettering,within,9.7891844704401,,106,POINT (485516.818286 323853.918928),POINT (476146.274634 321021.77411)
1871,Keynsham,within,0.942874630496861,,250,POINT (373211.811949 181197.749951),POINT (374145.422432 181065.901421)
1871,Kidderminster,within,7.810088070492559,,176,POINT (385148.468785 270139.144053),POINT (389377.041505 263572.817194)
1871,Kings Lynn,within,5.631231871689856,,167,POINT (566066.027724 261163.470959),POINT (562942.792119 265849.212282)
1871,Kings Norton (1913-1924),within,3.626133989027639,,156,POINT (408312.508243 280083.015551),POINT (404758.798874 279361.907079)
1871,Kings Norton (to 1912),within,3.626133989027639,,156,POINT (408312.508243 280083.015551),POINT (404758.798874 279361.907079)
1871,Kingsbridge,within,0.8679808424014668,,415,POINT (274954.934607 45368.849927),POINT (274158.265086 45713.390807)
1871,Kingsclere (1837-1932),within,1.1075534528330662,,324,POINT (449252.864708 159579.980782),POINT (449694.727846 158564.386563)
1871,Kingston,within,0.77489621988294,,593,POINT (517808.906495 168990.976986),POINT (517883.492518 168219.67868)
1871,Knaresborough,within,3.227901198766518,,383,POINT (431628.974501 454196.559023),POINT (431145.489386 457388.04587)
1871,Knighton,within,3.3864114247611825,,162,POINT (322044.032798 273688.762274),POINT (319028.489398 275229.632269)
1871,Lampeter,within,8.81396458447866,,181,POINT (255244.914059 254373.967814),POINT (246952.700132 257361.468421)
1871,Lancaster,within,8.985063060060687,,378,POINT (350327.902389 466332.269805),POINT (359264.351007 467265.674478)
1871,Langport,within,6.213521852025037,,336,POINT (360963.258413 135489.395625),POINT (363138.773399 141309.617987)
1871,Launceston,within,2.720415764136794,,566,POINT (226701.905338 84418.629693),POINT (229418.680453 84559.324047)
1871,Ledbury,within,3.303989878520534,,207,POINT (368702.315349 243033.37597),POINT (367970.268904 239811.504291)
1871,Leeds (1837-1929),within,2.303555730896737,,322,POINT (581971.73296 153123.32241),POINT (584260.434236 153384.503327)
1871,Leeds (1939 onw),within,2.303555730896737,,322,POINT (581971.73296 153123.32241),POINT (584260.434236 153384.503327)
1871,Leek,within,4.53758798656655,,465,POINT (399660.491549 392694.141032),POINT (403925.339883 391144.698093)
1871,Leicester (1837-1974),within,5.709973596165732,,616,POINT (380666.418603 126316.137183),POINT (384109.563998 121761.079746)
1871,Leigh,within,7.210785147527348,,20,POINT (359130.766195 411921.336228),POINT (356984.180995 418805.201017)
1871,Leighton Buzzard,within,1.718508544329522,,274,POINT (466553.681915 205604.187489),POINT (467821.184478 204443.709627)
1871,Leominster,within,7.7751518581239045,,154,POINT (353325.40312 285596.911849),POINT (350118.614484 278513.869208)
1871,Lewes,within,5.3621211499951436,,355,POINT (524943.58446 121249.052928),POINT (529659.426508 123801.145599)
1871,Lewisham,within,0.4834392862212072,,592,POINT (540294.933192 173592.376536),POINT (539816.463604 173523.23612)
1871,Lexden,within,3.2540924519713785,,257,POINT (596896.136842 223964.845532),POINT (599899.309298 225217.871025)
1871,Leyburn,within,5.737905534563859,,302,POINT (405594.665239 485444.565171),POINT (411022.751623 487304.521657)
1871,Lichfield,within,5.779076527155474,,99,POINT (415107.5656 330520.057457),POINT (409601.218926 332274.443908)
1871,Lincoln,within,16.95051404827214,,457,POINT (486887.141835 374737.414526),POINT (484909.551712 391572.172137)
1871,Linton,within,8.200092364763469,,504,POINT (551642.396498 244806.105237),POINT (554172.869406 237006.219235)
1871,Liskeard,within,0.8200192791200976,,568,POINT (224415.135212 64620.478248),POINT (223759.197202 64128.36348)
1871,Llandilofawr,within,1.749459156035533,,210,POINT (258864.085767 224397.744869),POINT (260528.461165 223858.79972)
1871,Llandovery,within,8.524468945315549,,173,POINT (271695.664324 253016.306757),POINT (271140.223815 261522.660655)
1871,Llanelly (to 1974),within,6.4713479382776065,,516,POINT (260666.274086 206759.470727),POINT (264258.305385 201376.566744)
1871,Llanfyllin,within,9.190334281901523,,102,POINT (302040.731202 323952.003105),POINT (308459.29341 317374.442509)
1871,Llanrwst,within,3.869958032267532,,485,POINT (278164.847103 352856.705761),POINT (280298.553371 356085.308048)
1871,Loddon,within,8.886905187627146,,119,POINT (580961.03925 296209.341441),POINT (582883.136095 304885.897643)
1871,London City,within,0.17212269354211499,,577,POINT (532607.845587 181088.054236),POINT (532532.079393 181242.604246)
1871,Longtown,within,3.26866282883497,,60,POINT (345452.637472 570491.302959),POINT (347058.841595 573338.10204)
1871,Loughborough,within,1.2550213044216219,,440,POINT (453905.65138 323610.349327),POINT (454010.338188 322359.701836)
1871,Louth,within,4.824457875954818,,27,POINT (531039.738096 391824.124627),POINT (535053.852195 389147.880655)
1871,Ludlow,within,12.582934734013389,,154,POINT (342557.169097 268456.295436),POINT (350118.614484 278513.869208)
1871,Luton,within,2.6070674245284136,,508,POINT (503977.406393 220586.463335),POINT (505961.264895 222277.943751)
1871,Lutterworth,within,2.3081998450430743,,76,POINT (449013.195076 275738.912907),POINT (449231.321452 273441.042717)
1871,Lymington,within,5.109077073406855,,434,POINT (432252.517113 102664.884114),POINT (429369.923813 98446.670699)
1871,Macclesfield,within,2.829815532615584,,31,POINT (391789.980383 371343.44272),POINT (391649.068733 374169.747703)
1871,Machynlleth,within,2.283946997825622,,122,POINT (280074.950233 302071.066942),POINT (278317.794813 300612.019746)
1871,Madeley,within,0.5528760458253069,,113,POINT (362730.937968 315298.609109),POINT (363270.306012 315177.142919)
1871,Maidstone,within,9.913084059309366,,323,POINT (557162.221339 158364.770869),POINT (550139.784627 151368.013177)
1871,Maldon (1837-1972),within,12.262582039201046,,271,POINT (580714.930275 198427.268572),POINT (570984.448632 205889.751086)
1871,Maldon (1974 onw),within,12.262582039201046,,271,POINT (580714.930275 198427.268572),POINT (570984.448632 205889.751086)
1871,Malling,within,6.395995810199797,,579,POINT (558816.02868 165775.965503),POINT (554651.847692 170630.690943)
1871,Malmesbury,within,4.517860449988828,,279,POINT (401841.697971 207165.641295),POINT (403603.932472 203005.642184)
1871,Malton,within,3.3686284773489645,,6,POINT (478429.383325 448701.63272),POINT (481743.629359 449304.485139)
1871,Manchester (1837-1924),within,4.288322963147329,,388,POINT (386854.813679 431175.691847),POINT (385764.79462 435323.169669)
1871,Manchester (1939 onw),within,4.288322963147329,,388,POINT (386854.813679 431175.691847),POINT (385764.79462 435323.169669)
1871,Mansfield,within,4.559334091536814,,83,POINT (448013.181061 364913.115344),POINT (451623.404437 362128.548137)
1871,Market Bosworth,within,5.749964919495517,,488,POINT (431008.183449 343669.213154),POINT (434803.843695 347988.363519)
1871,Market Drayton,within,3.5185138137290677,,97,POINT (368194.714284 336269.053148),POINT (367787.867157 332774.140434)
1871,Market Harborough,within,7.323135309398101,,124,POINT (467195.412662 296515.748554),POINT (471159.516368 302673.198721)
1871,Marlborough,within,2.9583573210764484,,238,POINT (418157.358603 172132.221437),POINT (415395.637592 171071.667293)
1871,Martley (from 1934),within,9.088878934961233,,178,POINT (372598.205274 268213.443846),POINT (376657.687224 260081.511321)
1871,Martley (to 1913),within,9.088878934961233,,178,POINT (372598.205274 268213.443846),POINT (376657.687224 260081.511321)
1871,Medway (1837-1941),within,9.254233632157632,,598,POINT (461941.907779 160385.681206),POINT (463272.24303 151227.567414)
1871,Medway (1998 onw),within,9.254233632157632,,598,POINT (461941.907779 160385.681206),POINT (463272.24303 151227.567414)
1871,Melksham,within,3.3713326201160285,,314,POINT (390862.337385 165595.203994),POINT (390491.435156 162244.33617)
1871,Melton Mowbray,within,2.1645381105664367,,124,POINT (473323.099624 302608.912411),POINT (471159.516368 302673.198721)
1871,Melton Mowbray (1997 onw),within,2.1645381105664367,,124,POINT (473323.099624 302608.912411),POINT (471159.516368 302673.198721)
1871,Mere,within,4.607265552686433,,318,POINT (380742.206731 166205.513366),POINT (383084.357303 162237.991902)
1871,Meriden,within,2.206866608884467,,545,POINT (424168.13546 287279.210821),POINT (423415.485985 285204.655688)
1871,Merthyr Tydfil,within,4.970588464809246,,514,POINT (298698.270878 206460.90262),POINT (303391.942809 204824.995078)
1871,Midhurst (to 1935),within,12.104170046037678,,612,POINT (484455.280063 132295.921168),POINT (474037.253875 126133.481485)
1871,Mildenhall,within,3.8506453784063748,,167,POINT (559559.877758 267688.603556),POINT (562942.792119 265849.212282)
1871,Milton,within,3.1587099898133713,,595,POINT (532030.527067 167769.882686),POINT (531356.211931 164683.987695)
1871,Mitford,within,6.82576083009245,,119,POINT (589127.164796 307643.272571),POINT (582883.136095 304885.897643)
1871,Monmouth (1837-1939),within,1.4715821960247977,,261,POINT (350508.138453 211168.374008),POINT (349384.922881 212119.132094)
1871,Morpeth,within,3.4389036580051906,,59,POINT (416874.142819 586940.750562),POINT (418578.187857 589927.770629)
1871,Nantwich,within,4.572696724069372,,80,POINT (368902.450902 371719.293779),POINT (364719.287048 369872.486941)
1871,Narberth,within,8.338299612890125,,507,POINT (216135.058423 225701.251632),POINT (213171.821521 217907.249612)
1871,Neath (1837-1970),within,1.4230416217646586,,511,POINT (282689.309793 202529.96023),POINT (281332.756954 202959.857722)
1871,Neath (1974 onw),within,1.4230416217646586,,511,POINT (282689.309793 202529.96023),POINT (281332.756954 202959.857722)
1871,New Forest,within,5.763349903885297,,621,POINT (435613.921752 113526.543922),POINT (434802.590673 107820.587035)
1871,Newark,within,9.297045356049289,,482,POINT (486362.266911 344587.120858),POINT (486433.708969 353883.891716)
1871,Newbury,within,1.8941107597625984,,247,POINT (446141.882478 184834.799205),POINT (444396.057281 184100.122436)
1871,Newcastle in Emlyn,within,6.941839488927111,,181,POINT (240532.441433 254721.503699),POINT (246952.700132 257361.468421)
1871,Newcastle under Lyme,within,10.124285867065142,,495,POINT (376779.033198 335375.401345),POINT (386882.444066 334725.591253)
1871,Newcastle upon Tyne,within,4.966752845758072,,59,POINT (414091.692046 592058.495662),POINT (418578.187857 589927.770629)
1871,Newent,within,6.429635365752275,,215,POINT (374412.824396 233698.267535),POINT (372887.152942 227452.26581)
1871,Newmarket (1938-1989),within,4.010709451379628,,174,POINT (544403.398593 264785.35104),POINT (545559.024125 260944.736515)
1871,Newmarket (to 1938),within,4.010709451379628,,174,POINT (544403.398593 264785.35104),POINT (545559.024125 260944.736515)
1871,Newport M,within,2.7213000095271513,,289,POINT (333532.549808 203112.971339),POINT (331971.208436 200884.14051)
1871,Newport Pagnell,within,6.44372522408796,,204,POINT (478972.776135 249218.956557),POINT (476382.92775 243318.593847)
1871,Newport S,within,8.984463940950025,,116,POINT (390661.468843 319168.810846),POINT (393011.600221 310497.163089)
1871,Newton Abbot,within,0.744924418930328,,405,POINT (280942.376336 76331.559537),POINT (281272.863522 75663.958901)
1871,Newtown,within,8.393635052362773,,132,POINT (293483.650326 284584.534562),POINT (300010.719699 289861.889467)
1871,North Aylesford,within,6.551773347585743,,534,POINT (554864.971777 182017.590559),POINT (551142.129411 187408.896404)
1871,North Witchford,within,4.81857624629769,,437,POINT (528415.177691 323865.417425),POINT (523632.944743 324456.116229)
1871,Northallerton,within,11.557866650433835,,5,POINT (439980.097493 473871.434893),POINT (428486.694877 472652.427996)
1871,Northampton (1837-1923),within,2.93414608567904,,204,POINT (477415.261833 246065.137055),POINT (476382.92775 243318.593847)
1871,Northampton (1936 onw),within,2.93414608567904,,204,POINT (477415.261833 246065.137055),POINT (476382.92775 243318.593847)
1871,Northleach,within,5.07221400908396,,279,POINT (406574.005618 207117.335322),POINT (403603.932472 203005.642184)
1871,Northwich,within,9.356502306786483,,80,POINT (372241.913094 364308.834112),POINT (364719.287048 369872.486941)
1871,Norwich,within,8.1365167117573,,205,POINT (449335.592946 237753.371581),POINT (457195.621981 239856.428349)
1871,Nottingham,within,4.195948014897554,,555,POINT (487732.453792 269708.8016),POINT (490112.004075 266252.832822)
1871,Nuneaton,within,5.1814868446955415,,453,POINT (428250.50491 303391.308508),POINT (429775.91965 298439.448676)
1871,Oakham,within,2.3413794582484684,,444,POINT (487864.757589 312727.840805),POINT (488743.737683 310557.713675)
1871,Okehampton,within,1.694418205893143,,626,POINT (260348.266561 96752.544904),POINT (258722.430558 96275.354846)
1871,Oldham,within,8.290219218980582,,489,POINT (458262.385804 337834.475453),POINT (453507.276785 344625.40123)
1871,Ongar,within,9.823355588706683,,280,POINT (539617.183179 195374.802623),POINT (544969.936889 203611.691765)
1871,Ormskirk,within,0.20440450822346176,,21,POINT (339479.287502 411630.002079),POINT (339380.08931 411808.722313)
1871,Orsett,within,2.068081415677607,,253,POINT (563873.304078 181576.482906),POINT (565924.991406 181836.367206)
1871,Oswestry,within,7.683227447312667,,100,POINT (332358.528778 322119.082514),POINT (328507.513482 328767.515804)
1871,Oundle,within,0.44998964621273074,,78,POINT (487289.937777 298033.423343),POINT (487409.402722 297599.581426)
1871,Oxford,within,16.041718209609805,,505,POINT (314856.845275 227008.10401),POINT (298838.893059 227880.989982)
1871,Pancras (1837-1901),within,1.1572779759627874,,403,POINT (291921.177242 92667.535138),POINT (291987.368524 93822.918636)
1871,Pateley Bridge,within,0.1762522296911413,,379,POINT (413730.994456 466485.248395),POINT (413798.787573 466647.941178)
1871,Patrington,within,7.1143042525599185,,67,POINT (525231.736359 430759.622735),POINT (528585.675604 424485.515903)
1871,Penkridge,within,4.665545425056694,,107,POINT (396448.152186 327763.138755),POINT (393859.228172 323881.800511)
1871,Penrith,within,1.7668771320803363,,35,POINT (350916.38804 534749.138202),POINT (349451.992052 535737.773216)
1871,Penzance,within,0.14477570873011605,,570,POINT (145618.001073 31857.243376),POINT (145475.244711 31833.147169)
1871,Pershore,within,4.959499044315754,,158,POINT (413526.87605 272138.69759),POINT (415223.228741 276799.064348)
1871,Peterborough,within,6.390756902540355,,78,POINT (483110.959852 302328.763457),POINT (487409.402722 297599.581426)
1871,Petersfield,within,9.671484434791033,,597,POINT (472454.566252 146686.539448),POINT (477962.290499 154636.544781)
1871,Petworth (to 1935),within,3.2339335674745637,,613,POINT (501187.780906 126919.226496),POINT (500024.417862 123901.7917)
1871,Pewsey,within,6.266366361037611,,255,POINT (427262.06949 174612.615998),POINT (431276.242706 169800.780511)
1871,Pickering,within,6.460151223765985,,270,POINT (474521.6245 486432.189245),POINT (480464.663193 488964.746239)
1871,Plomesgate,within,8.061792674441993,,553,POINT (599938.52217 271444.812208),POINT (600148.204778 263385.746857)
1871,Plymouth,within,4.663303763065213,,121,POINT (327002.479146 297223.423844),POINT (324448.14439 301124.933288)
1871,Plympton St Mary,within,1.7221172583177542,,410,POINT (257575.090504 58157.286901),POINT (256192.095432 57131.122935)
1871,Pocklington (1837-1937),within,10.931511342722391,,6,POINT (472691.922744 455433.477518),POINT (481743.629359 449304.485139)
1871,Pocklington (1974 onw),within,10.931511342722391,,6,POINT (472691.922744 455433.477518),POINT (481743.629359 449304.485139)
1871,Pontefract,within,5.168376887285563,,383,POINT (434298.135637 453292.567721),POINT (431145.489386 457388.04587)
1871,Pontypool,within,1.3220706283580288,,289,POINT (333227.929112 201294.657123),POINT (331971.208436 200884.14051)
1871,Poole (1959 onw),within,0.808759971198389,,565,POINT (400970.779055 93598.417844),POINT (400978.397242 94407.141935)
1871,Poole (to 1958),within,0.808759971198389,,565,POINT (400970.779055 93598.417844),POINT (400978.397242 94407.141935)
1871,Poplar (to 1965),within,6.299180816025663,,326,POINT (438079.024987 142215.915655),POINT (434072.80843 147076.976017)
1871,Portsea Island (1837-1900),within,2.3133739890552087,,362,POINT (466950.690897 102136.580652),POINT (465260.475948 100557.064066)
1871,Potterspury,within,3.3322999596066856,,172,POINT (461540.246027 260605.638482),POINT (458341.805112 261540.624435)
1871,Prescot,within,5.214523918423069,,478,POINT (355991.985211 384473.119757),POINT (356743.871643 379313.088121)
1871,Presteigne (1837-77),within,7.887441310864127,,101,POINT (349349.677331 334986.699303),POINT (354065.302356 328664.151473)
1871,Preston,within,6.802950755253545,,49,POINT (375572.664759 474023.896839),POINT (380077.496275 468926.188335)
1871,Pwllheli (to 1937),within,1.1122301551339355,,92,POINT (232837.059867 335037.424312),POINT (232325.404849 336024.979404)
1871,Radford,within,7.891555552180375,,90,POINT (484602.503608 334729.795844),POINT (492397.181279 333497.055388)
1871,Reading (1837-1974),within,5.3215730297960295,,386,POINT (452458.676182 438535.877463),POINT (447218.958539 437606.093332)
1871,Redruth (to 1974),within,0.043049707785404234,,569,POINT (166585.403794 40288.855735),POINT (166545.565485 40305.170958)
1871,Reeth,within,5.318295067065023,,45,POINT (399841.065867 502542.052758),POINT (394711.65391 501137.276838)
1871,Reigate,within,5.342807098991306,,244,POINT (486177.940728 173577.367334),POINT (487788.532651 168483.097872)
1871,Rhayader,within,11.474814555619764,,169,POINT (306645.300223 262478.739968),POINT (296434.344749 267713.981834)
1871,Richmond Sry,within,0.1157055821825017,,590,POINT (519774.786276 175241.894783),POINT (519679.858298 175308.049608)
1871,Richmond Yk,within,11.293774990375638,,302,POINT (420726.620377 493082.435184),POINT (411022.751623 487304.521657)
1871,Ringwood (to 1932),within,4.057836990724114,,232,POINT (414927.930744 188435.943532),POINT (418113.582218 185922.446818)
1871,Ripon,within,4.255791728816027,,5,POINT (424242.843594 472333.853786),POINT (428486.694877 472652.427996)
1871,Risbridge,within,12.616400563627646,,564,POINT (544935.174709 246606.118737),POINT (535374.466985 238374.08187)
1871,Rochdale,within,7.447295559230662,,468,POINT (408961.245282 389658.59785),POINT (410591.15127 382391.850461)
1871,Rochford,within,8.664839683866607,,271,POINT (569579.716862 197339.536153),POINT (570984.448632 205889.751086)
1871,Romford,within,8.970419675782628,,229,POINT (557972.173849 192685.161881),POINT (566925.112057 192125.40604)
1871,Romney Marsh,within,1.1462902490018836,,322,POINT (583678.708896 152396.79033),POINT (584260.434236 153384.503327)
1871,Romsey (1837-1932),within,0.6671938499320056,,615,POINT (433805.328361 122122.383663),POINT (433141.442786 122188.743114)
1871,Romsey (1974 onw),within,0.6671938499320056,,615,POINT (433805.328361 122122.383663),POINT (433141.442786 122188.743114)
1871,Ross,within,1.4517573037024523,,218,POINT (357833.956096 223425.422412),POINT (357302.381494 224776.358277)
1871,Rothbury,within,1.2260965501420538,,57,POINT (398054.339666 602123.663765),POINT (397564.837192 603247.807919)
1871,Rotherham,within,2.2180594149649906,,475,POINT (439713.481518 385684.822635),POINT (438234.93033 387338.205214)
1871,Royston,within,10.55739992232826,,211,POINT (526194.649047 235659.941747),POINT (520202.416393 226967.88555)
1871,Rugby,within,8.079498596771593,,152,POINT (447296.423272 284092.482406),POINT (455086.620763 286235.17245)
1871,Runcorn,within,8.510680317387052,,80,POINT (361007.893629 377531.288306),POINT (364719.287048 369872.486941)
1871,Ruthin,within,5.908042331727313,,81,POINT (304321.25972 359143.142228),POINT (310025.600971 357605.138626)
1871,Rye,within,5.992759561712917,,603,POINT (543477.967109 132308.391771),POINT (539353.463604 136655.993179)
1871,Saffron Walden,within,0.8177670927749323,,504,POINT (553765.60307 237715.357549),POINT (554172.869406 237006.219235)
1871,Salford,within,3.8401972386302234,,180,POINT (411057.785756 258676.483007),POINT (407284.197183 259388.623521)
1871,Samford,within,10.548942933445995,,194,POINT (596281.643767 237722.514957),POINT (587108.513346 242931.533605)
1871,Scarborough,within,15.905746626358974,,50,POINT (491812.075861 479149.515478),POINT (478649.604397 470219.671096)
1871,Scilly Islands,within,8.11041321393097,,570,POINT (149436.389066 38910.444528),POINT (145475.244711 31833.147169)
1871,Sculcoates,within,5.149320374260075,,16,POINT (505521.922926 435326.584118),POINT (506808.050888 430340.46587)
1871,Sedbergh,within,3.9579150050101877,,146,POINT (375079.995912 491492.646435),POINT (371228.096656 490582.721544)
1871,Selby,within,9.042203219711649,,18,POINT (458820.57852 423577.881405),POINT (449783.051437 423287.118098)
1871,Settle,within,9.399929345391403,,49,POINT (384185.547636 477380.925807),POINT (380077.496275 468926.188335)
1871,Sevenoaks,within,3.9024911677390586,,594,POINT (543515.594693 161634.578337),POINT (543642.058994 165535.019862)
1871,Shaftesbury,within,0.08272718775281028,,616,POINT (384177.736058 121807.945062),POINT (384109.563998 121761.079746)
1871,Shardlow,within,2.2534975265219455,,496,POINT (442762.395133 329771.688589),POINT (442669.163296 332023.256693)
1871,Sheffield,within,8.090404598790116,,87,POINT (421641.453299 342038.754762),POINT (418632.321448 349548.73293)
1871,Sheppey,within,1.617910312057893,,243,POINT (598678.056536 169904.25122),POINT (597107.971296 170294.720316)
1871,Shepton Mallet,within,4.924809391699325,,336,POINT (358374.359466 140062.979542),POINT (363138.773399 141309.617987)
1871,Sherborne,within,5.892486387953077,,336,POINT (369030.516027 141403.237628),POINT (363138.773399 141309.617987)
1871,Shifnal,within,7.545572084343694,,107,POINT (400778.292601 320871.450778),POINT (393859.228172 323881.800511)
1871,Shipston on Stour,within,2.2473634925535912,,206,POINT (423395.15467 242487.87122),POINT (424296.092953 240428.999471)
1871,Shrewsbury (1837-71),within,6.1808344621872475,,68,POINT (418492.479143 261463.944363),POINT (421219.614273 255917.283328)
1871,Shrewsbury (1935 onw),within,6.1808344621872475,,68,POINT (418492.479143 261463.944363),POINT (421219.614273 255917.283328)
1871,Skipton (to 1946),within,13.962114898159815,,376,POINT (398923.307146 444899.325847),POINT (397797.613741 458815.987329)
1871,Skirlaugh,within,8.948085545613095,,10,POINT (498886.708856 448557.635463),POINT (499796.273746 439655.898181)
1871,Sleaford (1974 onw),within,3.619223439591389,,86,POINT (507465.862001 352620.71447),POINT (508859.728794 349280.667514)
1871,Sleaford (to 1933),within,3.619223439591389,,86,POINT (507465.862001 352620.71447),POINT (508859.728794 349280.667514)
1871,Solihull,within,3.243174125730274,,170,POINT (429777.310834 265182.052057),POINT (429589.069435 268419.758589)
1871,South Molton,within,2.133093286720178,,605,POINT (274823.059107 123683.151334),POINT (274697.077179 125812.521082)
1871,South Shields,within,2.801354874520835,,69,POINT (438067.441877 564279.371158),POINT (435524.442379 563104.321081)
1871,South Stoneham,within,1.9057913860027398,,299,POINT (443560.887532 115598.801996),POINT (444897.703512 114240.507535)
1871,Southam,within,0.3538018350012024,,183,POINT (441091.067618 258496.164777),POINT (441239.920198 258175.199595)
1871,Southampton,within,9.141863195956418,,385,POINT (447924.195373 447372.791703),POINT (438782.623948 447299.753529)
1871,Southwell,within,6.88692340898935,,91,POINT (466457.677803 343063.048895),POINT (469581.746175 336925.467055)
1871,Spalding,within,7.922281374489572,,437,POINT (517523.446587 329499.584725),POINT (523632.944743 324456.116229)
1871,Spilsby,within,8.838650926323355,,79,POINT (537354.761551 369260.701172),POINT (545505.896627 365842.990362)
1871,St Albans,within,3.625576484358092,,273,POINT (514154.355743 212860.380189),POINT (514502.327911 209251.541011)
1871,St Asaph,within,11.9558053007284,,81,POINT (298669.807202 361345.088926),POINT (310025.600971 357605.138626)
1871,St Austell,within,1.0361847974831278,,412,POINT (200979.934761 52276.177616),POINT (199989.74527 52581.470438)
1871,St Columb,within,1.551430747966572,,408,POINT (190621.491489 65709.316668),POINT (189382.183127 64776.014922)
1871,St Faiths,within,5.901580535402611,,110,POINT (599710.151211 310775.025003),POINT (596792.314641 315904.828368)
1871,St Germans,within,6.117846988934897,,411,POINT (235385.768396 65096.749806),POINT (237205.195347 59255.710742)
1871,St Ives,within,7.990595318973296,,549,POINT (483958.157324 289286.323709),POINT (485932.372522 281543.450347)
1871,St Neots,within,6.0474844431774155,,106,POINT (475369.383378 327019.149209),POINT (476146.274634 321021.77411)
1871,St Olave Southwark (1837-1901),within,1.961975534707731,,586,POINT (533005.008719 180109.326273),POINT (534804.740905 179328.101556)
1871,St Saviour Southwark,within,1.2818432384932081,,584,POINT (531899.089714 180191.268752),POINT (532280.045159 178967.342677)
1871,St Thomas,within,11.209443982945674,,617,POINT (296232.650521 101845.477991),POINT (296980.674722 113029.935698)
1871,Stafford,within,8.89490910102487,,495,POINT (392771.6743 341391.652697),POINT (386882.444066 334725.591253)
1871,Staines,within,0.2169311358809209,,237,POINT (507470.412262 172860.545834),POINT (507686.638272 172878.022402)
1871,Stamford,within,4.263559976473373,,444,POINT (487686.941223 306427.202216),POINT (488743.737683 310557.713675)
1871,Stepney (1926-82),within,11.74389049050554,,136,POINT (341713.237389 278113.961848),POINT (333697.02193 286696.458778)
1871,Stepney (to 1921),within,11.74389049050554,,136,POINT (341713.237389 278113.961848),POINT (333697.02193 286696.458778)
1871,Steyning,within,5.348853699339535,,607,POINT (517507.06136 123646.476395),POINT (515688.418174 128676.662561)
1871,Stockbridge (to 1932),within,7.956215253580818,,255,POINT (423379.229127 170769.562063),POINT (431276.242706 169800.780511)
1871,Stockport,within,0.715986239690382,,470,POINT (391470.280492 389492.632287),POINT (390956.175687 388994.302532)
1871,Stockton (to 1938),within,3.3091723587788207,,41,POINT (431096.725916 513777.076849),POINT (427950.412533 514802.422547)
1871,Stoke upon Trent,within,5.0581683411191625,,48,POINT (395119.766597 490921.069486),POINT (390612.234994 488626.025736)
1871,Stokesley,within,7.6280320673170605,,4,POINT (441641.372319 467050.696067),POINT (445428.749765 460429.318166)
1871,Stone,within,2.6269983167293693,,448,POINT (420820.480583 306092.292659),POINT (421999.245228 303744.605698)
1871,Stourbridge,within,4.568611134617894,,155,POINT (388135.142526 287517.227524),POINT (392364.154689 285788.741531)
1871,Stow (to 1935),within,5.410273723704232,,171,POINT (591067.065397 266085.028511),POINT (585672.071101 265678.705592)
1871,Stow on the Wold,within,0.9244623618062391,,509,POINT (417886.063684 224415.622603),POINT (418263.101215 223571.541234)
1871,Strand (1837-1913),within,0.9592535991023731,,580,POINT (530752.533316 180965.933419),POINT (529928.71245 180474.520508)
1871,Stratford upon Avon,within,1.5884442097244171,,68,POINT (421362.640204 257499.275298),POINT (421219.614273 255917.283328)
1871,Stratton,within,1.931563994038335,,421,POINT (222677.680438 102148.452765),POINT (222736.885203 104079.109197)
1871,Stroud (1837 onw),within,1.7224697972324627,,212,POINT (404094.659812 228211.5989),POINT (404191.40284 229931.349751)
1871,Sturminster (1959 to 1974),within,0.5450050435491668,,619,POINT (377516.611216 113992.085764),POINT (377404.160016 113458.807952)
1871,Sturminster (to 1958),within,0.5450050435491668,,619,POINT (377516.611216 113992.085764),POINT (377404.160016 113458.807952)
1871,Sudbury,within,5.465680314737013,,560,POINT (561067.680864 247051.414499),POINT (555735.258043 248250.967815)
1871,Sunderland,within,3.826468712654836,,61,POINT (414253.383245 578147.365826),POINT (413122.596553 574491.796887)
1871,Swaffham,within,6.368246396396812,,119,POINT (576839.639653 302878.234095),POINT (582883.136095 304885.897643)
1871,Swansea,within,1.9006853632736924,,516,POINT (264300.391315 203276.786107),POINT (264258.305385 201376.566744)
1871,Tadcaster,within,5.673685787804634,,18,POINT (450565.085643 428906.649478),POINT (449783.051437 423287.118098)
1871,Tamworth,within,9.236363962389472,,441,POINT (429311.462331 309820.654438),POINT (436570.619648 315531.613578)
1871,Taunton (1837-1974),within,4.637865744681412,,354,POINT (321297.397509 120001.017895),POINT (323206.440024 124227.760772)
1871,Taunton (1996 onw),within,4.637865744681412,,354,POINT (321297.397509 120001.017895),POINT (323206.440024 124227.760772)
1871,Tavistock,within,4.108231270103197,,567,POINT (248283.177216 75881.209955),POINT (252204.701712 77105.632186)
1871,Teesdale,within,5.240330129356081,,45,POINT (394451.141798 495903.426123),POINT (394711.65391 501137.276838)
1871,Tenbury,within,10.68390906093131,,154,POINT (359159.840579 272821.581133),POINT (350118.614484 278513.869208)
1871,Tendring,within,9.963292443268141,,73,POINT (604987.135187 221129.097235),POINT (614554.705846 223909.167018)
1871,Tenterden,within,3.475797355707741,,348,POINT (578094.165945 137891.969606),POINT (577005.615812 134591.026428)
1871,Tetbury,within,6.206138877225162,,260,POINT (385437.92705 212990.644993),POINT (383942.844904 219014.00694)
1871,Tewkesbury,within,3.87116322789549,,263,POINT (392255.805802 223264.177075),POINT (394259.744572 219952.057793)
1871,Thakeham,within,7.221127191075466,,247,POINT (447540.859294 177599.745661),POINT (444396.057281 184100.122436)
1871,Thame,within,4.465203083837881,,274,POINT (468296.093373 208883.585765),POINT (467821.184478 204443.709627)
1871,Thanet,within,8.416155484228968,,596,POINT (486955.748451 140021.913248),POINT (487217.262195 148434.004766)
1871,Thetford,within,11.376743899015914,,541,POINT (572390.429834 294188.998822),POINT (581269.746013 287076.471429)
1871,Thingoe,within,9.123554795026333,,551,POINT (563771.292737 279578.899305),POINT (572646.427668 277464.370503)
1871,Thirsk,within,7.45952619529826,,375,POINT (445473.637985 475690.306877),POINT (443302.865432 482826.992213)
1871,Thorne,within,12.98101588290453,,469,POINT (466192.93136 392063.772093),POINT (472844.928982 380916.678257)
1871,Thrapston,within,3.678727374404584,,444,POINT (492124.607294 309107.625481),POINT (488743.737683 310557.713675)
1871,Ticehurst,within,1.1689825434897718,,353,POINT (565311.736368 130995.346747),POINT (566374.328521 130508.091061)
1871,Tisbury,within,4.395937291592851,,610,POINT (394943.970014 131292.80332),POINT (393877.617944 127028.162897)
1871,Tiverton,within,5.297260298853472,,617,POINT (298110.540329 118205.297558),POINT (296980.674722 113029.935698)
1871,Todmorden,within,3.445123923443485,,399,POINT (411849.769101 414984.124942),POINT (412772.069806 411664.751469)
1871,Tonbridge,within,0.2940496569989349,,601,POINT (561829.975565 143914.319585),POINT (561818.492185 143620.494241)
1871,Torrington,within,0.5492101505246965,,293,POINT (253593.984024 115455.703394),POINT (253275.173806 115008.498928)
1871,Totnes,within,0.2883300689148003,,409,POINT (277120.700899 60093.954959),POINT (277287.731087 59858.933375)
1871,Towcester,within,7.07003605795644,,74,POINT (454143.753259 229405.579808),POINT (456465.413966 222727.608452)
1871,Tregaron,within,0.8153324995430946,,173,POINT (271017.04218 260716.687101),POINT (271140.223815 261522.660655)
1871,Truro,within,0.5549089172336152,,413,POINT (183729.672235 46588.880787),POINT (183270.520829 46277.265812)
1871,Tynemouth,within,10.824146455821872,,59,POINT (425751.498358 581821.861491),POINT (418578.187857 589927.770629)
1871,Uckfield,within,1.61130754583436,,609,POINT (549473.473107 125247.917493),POINT (551080.167799 125126.080816)
1871,Ulverston,within,3.7200018622656676,,44,POINT (345782.541805 492691.679905),POINT (349376.837047 493650.562365)
1871,Uppingham,within,6.945805913366577,,117,POINT (464130.456552 307993.81466),POINT (459111.716255 312795.529521)
1871,Upton upon Severn,within,8.732529981484515,,148,POINT (393037.685917 240049.170607),POINT (389770.680276 231950.790891)
1871,Uttoxeter,within,8.02165922894335,,108,POINT (383258.328103 319183.661523),POINT (375367.581642 320626.969207)
1871,Uxbridge,within,0.19057166621492358,,249,POINT (508816.00534 185068.629685),POINT (508894.285277 184894.877529)
1871,Wakefield,within,10.771375933415348,,455,POINT (427265.255656 408761.470617),POINT (425863.213335 398081.732004)
1871,Wallingford,within,2.895428814642556,,274,POINT (469864.118338 202391.898411),POINT (467821.184478 204443.709627)
1871,Walsall,within,8.801186544491806,,170,POINT (432798.341023 276614.968194),POINT (429589.069435 268419.758589)
1871,Walsingham,within,4.3867488834485,,93,POINT (594567.250734 330885.636213),POINT (594650.309963 335271.598699)
1871,Wandsworth,within,0.06411274241771928,,591,POINT (526911.144465 173790.005236),POINT (526955.885823 173835.925325)
1871,Wangford,within,10.870252329185139,,119,POINT (591730.08531 311202.057497),POINT (582883.136095 304885.897643)
1871,Wantage,within,0.2945559472000865,,247,POINT (444324.524747 184385.860607),POINT (444396.057281 184100.122436)
1871,Ware,within,0.9862323989412863,,264,POINT (537125.501072 214984.871871),POINT (537700.316392 215786.271704)
1871,Wareham,within,2.147092720788724,,363,POINT (387735.837558 86741.508075),POINT (389840.401658 86316.282135)
1871,Warminster,within,8.280805694784071,,329,POINT (376076.977942 140089.946375),POINT (375182.458883 148322.295894)
1871,Warrington,within,2.026116249881089,,466,POINT (358717.149993 390874.354951),POINT (360723.069756 391159.719566)
1871,Warwick (to 1932),within,4.401218649683829,,68,POINT (422459.434984 260140.264527),POINT (421219.614273 255917.283328)
1871,Watford,within,0.5379633599160024,,224,POINT (508884.291905 197252.055591),POINT (509418.415209 197316.218457)
1871,Wayland,within,6.105626044199343,,551,POINT (566652.878652 276299.879374),POINT (572646.427668 277464.370503)
1871,Weardale,within,7.845565165123083,,2,POINT (395377.975459 547749.461645),POINT (395999.767476 539928.57503)
1871,Wellingborough,within,5.027851904418282,,555,POINT (485106.074842 265783.826129),POINT (490112.004075 266252.832822)
1871,Wellington Sal,within,8.156550981204205,,125,POINT (360168.42112 295747.987815),POINT (365462.992434 301952.569873)
1871,Wellington Som,within,12.84663804547029,,342,POINT (311993.886211 134028.853807),POINT (301097.381482 140833.432689)
1871,Wells,within,0.6441274564842665,,305,POINT (359035.594452 172468.959858),POINT (358636.990432 172974.939122)
1871,Wem,within,6.457901805668355,,137,POINT (367216.800617 296768.685154),POINT (370512.528221 291215.066938)
1871,Weobley,within,0.1586597839326307,,190,POINT (339868.151012 249291.09946),POINT (339777.863386 249421.564289)
1871,West Ashford,within,3.011270904358321,,322,POINT (581308.68201 152788.759044),POINT (584260.434236 153384.503327)
1871,West Bromwich,within,0.7345974676921121,,139,POINT (403001.60359 292204.820526),POINT (402331.670049 291903.452826)
1871,West Derby,within,4.444573328329415,,21,POINT (343706.272898 412827.725569),POINT (339380.08931 411808.722313)
1871,West Ham,within,6.060818105511642,,272,POINT (519995.235848 212906.645871),POINT (524749.504145 209147.596913)
1871,West Ward,within,11.24594640673063,,381,POINT (350595.385215 471682.760939),POINT (349750.177523 460468.621001)
1871,Westbourne,within,2.888616391520454,,604,POINT (472433.496543 135845.187463),POINT (473963.373389 138295.408166)
1871,Westbury,within,6.051652812061244,,263,POINT (398646.693425 224120.652463),POINT (394259.744572 219952.057793)
1871,Westbury on Severn,within,5.480991055044647,,267,POINT (373720.085752 211492.324728),POINT (369265.203898 214685.331244)
1871,Westhampnett,within,3.709627824165634,,613,POINT (497506.29819 126625.835002),POINT (500024.417862 123901.7917)
1871,Weymouth (1959-97),within,3.054744259729316,,625,POINT (367852.807492 93781.610019),POINT (367140.347642 96752.108875)
1871,Weymouth (to 1958),within,3.054744259729316,,625,POINT (367852.807492 93781.610019),POINT (367140.347642 96752.108875)
1871,Wheatenhurst,within,6.281558174958633,,281,POINT (385072.447552 210216.356571),POINT (387222.066884 204314.059574)
1871,Whitby,within,4.419686624130412,,270,POINT (482231.421667 493015.942896),POINT (480464.663193 488964.746239)
1871,Whitchurch H,within,8.792342030252208,,324,POINT (440906.320334 158301.381295),POINT (449694.727846 158564.386563)
1871,Whitechapel,within,0.32618970856731,,575,POINT (533841.590391 181646.97432),POINT (534045.424185 181392.314723)
1871,Whitehaven,within,1.3063819137308026,,141,POINT (305014.942489 513184.887877),POINT (306225.894263 512694.755745)
1871,Wigan,within,4.05213953371538,,26,POINT (357573.871241 409499.641513),POINT (356007.990675 405762.282438)
1871,Wigton,within,6.65510632487482,,36,POINT (323115.73551 521579.046429),POINT (317712.416815 525464.22175)
1871,Williton,within,5.927202227439576,,342,POINT (306947.64335 141785.35827),POINT (301097.381482 140833.432689)
1871,Wilton,within,6.561676795001547,,349,POINT (406980.964617 137276.127726),POINT (404486.793248 131206.96703)
1871,Wimborne,within,7.922468252392099,,312,POINT (398930.160835 151883.208997),POINT (402481.047422 158965.349045)
1871,Wincanton,within,4.856184305585462,,329,POINT (380031.730704 148063.280791),POINT (375182.458883 148322.295894)
1871,Winchcomb,within,8.68617193820309,,509,POINT (422496.112799 231156.473394),POINT (418263.101215 223571.541234)
1871,Winchester,within,8.859596221486225,,346,POINT (447922.805935 139051.839122),POINT (447647.443316 130196.523169)
1871,Windsor,within,7.243635678494509,,251,POINT (491345.427185 183569.493671),POINT (498480.89661 182322.363392)
1871,Winslow,within,7.229488788910989,,74,POINT (460193.366588 228921.789383),POINT (456465.413966 222727.608452)
1871,Wirral (1837-1974),within,8.439455219952203,,481,POINT (336595.551744 371228.515809),POINT (340728.890476 363870.532706)
1871,Wisbech,within,3.1337921312524677,,439,POINT (546785.452305 312322.553388),POINT (548305.150967 309581.90217)
1871,Witham,within,0.7756577989999183,,262,POINT (583604.589556 217237.118855),POINT (582929.25846 216855.578645)
1871,Witney,within,10.87589429041626,,232,POINT (414180.348538 196062.207635),POINT (418113.582218 185922.446818)
1871,Woburn,within,7.3742408235475505,,561,POINT (486675.275661 236162.843234),POINT (487377.728415 243503.550819)
1871,Wokingham,within,1.069742894156151,,527,POINT (477886.801112 171113.493758),POINT (477598.870543 170083.228818)
1871,Wolstanton,within,1.2345758430385676,,490,POINT (386298.884018 349813.159743),POINT (385661.782003 350870.646639)
1871,Wolverhampton,within,1.6064208379846965,,129,POINT (386614.242647 292886.109592),POINT (386853.463982 294474.618661)
1871,Woodbridge,within,5.836542633901165,,192,POINT (577024.725843 249581.874196),POINT (571357.623069 248185.745238)
1871,Woodstock,within,3.7052738140921386,,219,POINT (445274.874182 217209.816235),POINT (445518.935622 220907.043311)
1871,Worksop,within,4.192178105615915,,28,POINT (452968.76245 383273.361832),POINT (456306.119473 380736.354665)
1871,Wortley (1838-1974),within,4.5512793017042386,,476,POINT (430627.326386 379249.283828),POINT (431179.355316 383766.961035)
1871,Wrexham (1837-1974),within,9.7069452919947,,98,POINT (347167.043042 340610.252994),POINT (342227.440386 332254.110792)
1871,Wrexham (1996 onw),within,9.7069452919947,,98,POINT (347167.043042 340610.252994),POINT (342227.440386 332254.110792)
1871,Wycombe,within,0.6966519158545242,,286,POINT (482690.166003 197207.364707),POINT (483245.890329 197627.477033)
1871,Yeovil,within,13.448294067812261,,356,POINT (357520.773881 128363.848679),POINT (344206.973557 126466.657526)
1871,York (1837-1937),within,1.3502738791585176,,25,POINT (434350.591687 406743.578573),POINT (435696.044271 406629.574649)
1871,York (1938 onw),within,1.3502738791585176,,25,POINT (434350.591687 406743.578573),POINT (435696.044271 406629.574649)
1871,Aylsham,nearest,11.3600039417152,2381.5046846454184,95,POINT (574884.567896 347541.114625),POINT (577237.723436 336427.503666)
1871,Cambridge (1837-1935),nearest,22.213715521154647,5367.679885586571,342,POINT (320481.867495 151681.974492),POINT (301097.381482 140833.432689)
1871,Cambridge (1974 onw),nearest,22.213715521154647,5367.679885586571,342,POINT (320481.867495 151681.974492),POINT (301097.381482 140833.432689)
1871,Freebridge Lynn,nearest,12.508351279193153,1533.779673392129,436,POINT (548554.052528 331830.243007),POINT (539756.774886 322938.293963)
1871,Mutford,nearest,14.45565452916069,721.7841205414097,79,POINT (550705.845458 352354.977906),POINT (545505.896627 365842.990362)
1871,Pembroke,nearest,14.533077136493157,846.0436256184455,507,POINT (221871.732672 206265.863225),POINT (213171.821521 217907.249612)
1871,Thornbury,nearest,8.049736737261922,286.67610503074656,518,POINT (354923.293223 189978.836925),POINT (351414.059115 197223.389189)
1871,Worcester,nearest,18.135758794384166,8236.122227269747,338,POINT (257151.59991 156546.67613),POINT (259439.995467 138555.873124)
